id,text,action,expression,category
001,了解！,片手でびしっと敬礼する,自信のある笑顔,basic
002,了解です,両手を体の横に添えて丁寧に会釈する,真面目な表情,basic
003,OK！,親指を立てて突き出す,明るい笑顔,basic
004,おけ！,指で小さくOKサインを作る,軽くウインクした笑顔,basic
005,承知しました,腰を折って深く一礼する,引き締まった真顔,basic
006,はい！,手をまっすぐ高く挙げる,元気いっぱいの笑顔,basic
007,はーい,ゆるく片手を挙げる,のんびりした笑顔,basic
008,なるほど,人差し指を立てて顎に添える,納得した表情,basic
009,たしかに,腕を組んで深くうなずく,目を細めた納得顔,basic
010,それでOK,両手で頭上に大きな丸を作る,満足げな笑顔,basic
011,ありがとう！,胸の前で両手を合わせる,嬉しそうな笑顔,thanks
012,ありがとうございます,腰を折って丁寧にお辞儀する,感謝のこもった柔らかい表情,thanks
013,助かります！,両手を差し出して受け取る仕草,ほっとした笑顔,thanks
014,助かった！,額の汗を手の甲で拭う,安堵の笑顔,thanks
015,すみません！,片手を立てて軽く謝る,申し訳なさそうな苦笑い,apology
016,ごめんなさい,両手を合わせて頭を下げる,しゅんとした表情,apology
017,申し訳ありません,直立して深々と最敬礼する,硬く沈んだ真顔,apology
018,お手数おかけします,小さく頭を下げて手を添える,恐縮した表情,apology
019,お願いします,両手を前で合わせて差し出す,頼み込む表情,request
020,よろしくお願いします,名刺を差し出すように一礼する,誠実な笑顔,request
021,今確認します,書類を手に取って覗き込む,集中した真剣な目,work
022,確認しました,書類に大きくチェックを入れる,すっきりした笑顔,work
023,確認中です,虫眼鏡で書類を覗き込む,眉を寄せた真剣な表情,work
024,少々お待ちください,手のひらを前に出して制する,丁寧な微笑み,work
025,ちょっと待って,両手を前に突き出して止める,慌てた表情,work
026,今やります,腕まくりをして身構える,やる気に満ちた表情,work
027,あとでやります,頭を掻きながら目をそらす,ごまかし笑い,work
028,対応します,胸を叩いて請け合う,頼もしい笑顔,work
029,対応中です,ノートパソコンを高速でタイピングする,眼鏡が光る真剣な表情,work
030,完了しました！,両手を上げてガッツポーズする,達成感のある笑顔,work
031,今向かってます,大股で前に駆け出す,前を向いた真剣な表情,move
032,到着しました,手を高く挙げて合図する,爽やかな笑顔,move
033,もうすぐです,腕時計を指差す,急ぎ気味の笑顔,move
034,少し遅れます,片手で拝みながら小走りする,焦った苦笑い,move
035,遅れます！,鞄を抱えて全力疾走する,汗をかいた必死の表情,move
036,今出ます,ドアノブに手をかけて振り返る,慌ただしい笑顔,move
037,帰ります,鞄を持って片手を振る,ほっとした笑顔,move
038,また連絡します,スマホを耳に当てる仕草,軽い笑顔,move
039,後ほど連絡します,スマホを掲げて画面を指差す,落ち着いた微笑み,move
040,明日でお願いします,指を一本立てて明日を示す,申し訳なさそうな笑顔,request
041,えっ！？,体を大きくのけぞらせる,目を丸く見開いた顔,surprise
042,まじで！？,前のめりに身を乗り出す,口を大きく開けた驚き顔,surprise
043,ほんと！？,両手を頬に当てる,目を輝かせた驚き顔,surprise
044,すごい！,勢いよく拍手する,感嘆した笑顔,surprise
045,やったー！,両手を突き上げて跳び上がる,満面の笑み,joy
046,最高！,両手の親指を立てる,目を閉じた最高の笑顔,joy
047,なるほど…,腕を組んで視線を落とす,考え込む半目,think
048,うーん…,首をかしげて頭を掻く,困り眉の曖昧な顔,think
049,それはそう,手のひらを上に向けて肩をすくめる,呆れ気味の半目,think
050,わかる,胸に手を当てて深くうなずく,共感のこもった穏やかな笑顔,think
051,わかりません,両手を広げて肩をすくめる,眉を下げた困り顔,trouble
052,ちょっと無理です,両腕を交差させて大きなバツを作る,引きつった苦笑い,trouble
053,厳しいです,手のひらを横に振って断る,険しい困り顔,trouble
054,難しい…,顎に手を当ててうつむく,眉間にしわを寄せた表情,trouble
055,どうしましょう,両手を頬に当ててあたふたする,泣きそうな困り顔,trouble
056,困った…,両手で頭を抱える,汗を垂らした困惑顔,trouble
057,それは困ります,手のひらを突き出して拒む,眉を吊り上げた真顔,trouble
058,ちょっと考えます,顎に指を当てて斜め上を見る,思案顔,think
059,要確認です,書類を指差して注意を促す,引き締まった真顔,work
060,確認します！,書類を掲げながら敬礼する,きりっとした笑顔,work
061,お疲れさまです,軽く会釈しながら片手を挙げる,穏やかな笑顔,greeting
062,お疲れ！,拳を前に突き出す,にっと笑った顔,greeting
063,今日は疲れた…,肩を落としてうなだれる,疲れ切った半目,tired
064,眠い…,目をこすりながらあくびをする,とろんとした眠そうな顔,tired
065,もう限界,床にぺたんと座り込む,白目気味のぐったり顔,tired
066,休憩します,椅子に深くもたれて足を投げ出す,気の抜けた笑顔,tired
067,ちょっと休みます,コーヒーカップを持って一息つく,ほっとした表情,tired
068,お腹すいた,両手でお腹を押さえる,力ない切なげな顔,life
069,ご飯行きます？,箸を持つ仕草で誘う,期待に満ちた笑顔,life
070,帰りたい…,遠くを見るように窓の外を眺める,虚ろな半目,tired
071,おはよう！,元気に片手を挙げて挨拶する,爽やかな朝の笑顔,greeting
072,おやすみ,手を振りながら目を閉じる,眠たげな優しい笑顔,greeting
073,いってきます,鞄を持って歩き出す,明るい笑顔,greeting
074,いってらっしゃい,両手を振って見送る,優しい笑顔,greeting
075,ただいま,ネクタイを緩めながら片手を挙げる,安心した笑顔,greeting
076,おかえり,両手を広げて迎える,嬉しそうな笑顔,greeting
077,ありがとう,軽く手を挙げて会釈する,照れた笑顔,thanks
078,ごめん！,片手で拝む,舌をぺろっと出した苦笑い,apology
079,大丈夫？,心配そうに前かがみで覗き込む,眉を下げた心配顔,care
080,大丈夫！,胸を張って親指を立てる,力強い笑顔,care
081,マジか…,天を仰いで立ち尽くす,放心した半目,surprise
082,なんだって！？,飛び上がって驚く,目が飛び出しそうな驚愕顔,surprise
083,うそでしょ！？,両手で口を覆う,信じられないという目,surprise
084,それはヤバい,頬に手を当てて後ずさる,引きつった冷や汗顔,surprise
085,やばい！,頭を抱えて走り回る,大慌ての表情,surprise
086,知らんけど,明後日の方向を指差す,すまし顔,misc
087,それは知らん,両手を上げてそっぽを向く,つんとした半目,misc
088,どういうこと！？,両手を広げて問い詰める,眉を寄せた困惑顔,misc
089,ちょっと何言ってるかわからない,首を大きくかしげる,無表情の真顔,misc
090,もう寝ます,枕を抱えてふらふら歩く,とろけた眠り顔,tired
091,今見ました,スマホの画面を指差す,はっとした表情,reply
092,今気づきました,額に手を当てて振り返る,しまったという顔,reply
093,既読です,スマホを掲げて片手を挙げる,しれっとした笑顔,reply
094,後で見る！,スマホをポケットにしまう,軽い笑顔,reply
095,OKです！,指でOKサインを高く掲げる,明るい笑顔,basic
096,大丈夫です,手を胸に当てて穏やかにうなずく,落ち着いた微笑み,basic
097,了解しました！,背筋を伸ばしてびしっと敬礼する,引き締まった笑顔,basic
098,お任せします,両手で相手に差し出す仕草,信頼を込めた笑顔,request
099,よろしく！,拳を軽く突き出す,気さくな笑顔,greeting
100,おつ！,片手をひらひらと振る,にこっとした軽い笑顔,greeting
